열_1,열_2,열_3,열_4,열_5,열_6,열_7,열_8,열_9,열_10,열_11,열_12,열_13,열_14,열_15,열_16,열_17,열_18,열_19,열_20,열_21,열_22,열_23,열_24,열_25
융복합특성화대학,만화전공,일반,11,22,33,0,0,15,45,60,0,0,36,36,0,0,36,36,60,21,37,130,1.7,4
융복합특성화대학,만화전공,일반편입,11,22,33,0,0,0,60,60,0,0,36,36,0,0,36,36,60,21,37,130,1.7,0
융복합특성화대학,만화전공,학사편입,11,22,33,0,0,0,60,60,0,0,36,36,0,0,36,36,60,21,37,130,1.7,0
경영대학,디지털경영학연계전공,일반,0,0,0,0,0,0,0,0,0,0,0,0,0,0,36,36,0,0,0,0,0.0,4
경영대학,디지털경영학연계전공,일반편입,0,0,0,0,0,0,0,0,0,0,0,0,0,0,36,36,0,0,0,0,0.0,0
경영대학,디지털경영학연계전공,학사편입,0,0,0,0,0,0,0,0,0,0,0,0,0,0,36,36,0,0,0,0,0.0,0
글로벌인문학부대학,한국언어문화전공,일반,11,22,33,0,0,15,45,60,0,0,36,36,0,0,36,36,60,21,37,130,1.7,4
글로벌인문학부대학,한국언어문화전공,일반편입,11,22,33,0,0,0,60,60,0,0,36,36,0,0,36,36,60,21,37,130,1.7,0
글로벌인문학부대학,한국언어문화전공,학사편입,11,22,33,0,0,0,60,60,0,0,36,36,0,0,36,36,60,21,37,130,1.7,0
글로벌인문학부대학,일본어권지역학전공,일반,11,22,33,12,0,15,33,60,0,0,36,36,12,0,24,36,60,21,37,130,1.7,4
글로벌인문학부대학,일본어권지역학전공,일반편입,11,22,33,0,0,0,60,60,0,0,36,36,12,0,24,36,60,21,37,130,1.7,0
글로벌인문학부대학,일본어권지역학전공,학사편입,11,22,33,0,0,0,60,60,0,0,36,36,12,0,24,36,60,21,37,130,1.7,0
글로벌인문학부대학,일본어문학과,일반,11,22,33,12,0,15,33,60,0,0,36,36,12,0,24,36,60,21,37,130,1.7,4
글로벌인문학부대학,일본어문학과,일반편입,11,22,33,0,0,0,60,60,0,0,36,36,12,0,24,36,60,21,37,130,1.7,0
글로벌인문학부대학,일본어문학과,학사편입,11,22,33,0,0,0,60,60,0,0,36,36,12,0,24,36,60,21,37,130,1.7,0
글로벌인문학부대학,중국어권지역학전공,일반,11,22,33,12,0,15,33,60,0,0,36,36,12,0,24,36,60,21,37,130,1.7,4
글로벌인문학부대학,중국어권지역학전공,일반편입,11,22,33,0,0,0,60,60,0,0,36,36,12,0,24,36,60,21,37,130,1.7,0
글로벌인문학부대학,중국어권지역학전공,학사편입,11,22,33,0,0,0,60,60,0,0,36,36,12,0,24,36,60,21,37,130,1.7,0
글로벌인문학부대학,중국어문학과,일반,11,22,33,12,0,15,33,60,0,0,36,36,12,0,24,36,60,21,37,130,1.7,4
글로벌인문학부대학,중국어문학과,일반편입,11,22,33,0,0,0,60,60,0,0,36,36,12,0,24,36,60,21,37,130,1.7,0
글로벌인문학부대학,중국어문학과,학사편입,11,22,33,0,0,0,60,60,0,0,36,36,12,0,24,36,60,21,37,130,1.7,0
글로벌인문학부대학,영어권지역학전공,일반,11,22,33,12,0,15,33,60,0,0,36,36,12,0,24,36,60,21,37,130,1.7,4
글로벌인문학부대학,영어권지역학전공,일반편입,11,22,33,0,0,0,60,60,0,0,36,36,12,0,24,36,60,21,37,130,1.7,0
글로벌인문학부대학,영어권지역학전공,학사편입,11,22,33,0,0,0,60,60,0,0,36,36,12,0,24,36,60,21,37,130,1.7,0
글로벌인문학부대학,영어영문학전공,일반,11,22,33,12,0,15,33,60,0,0,36,36,12,0,24,36,60,21,37,130,1.7,4
글로벌인문학부대학,영어영문학전공,일반편입,11,22,33,0,0,0,60,60,0,0,36,36,12,0,24,36,60,21,37,130,1.7,0
글로벌인문학부대학,영어영문학전공,학사편입,11,22,33,0,0,0,60,60,0,0,36,36,12,0,24,36,60,21,37,130,1.7,0
글로벌인문학부대학,통ㆍ번역학전공,일반,11,22,33,12,0,15,33,60,0,0,36,36,12,0,24,36,60,21,37,130,1.7,4
글로벌인문학부대학,통ㆍ번역학전공,일반편입,11,22,33,0,0,0,60,60,0,0,36,36,12,0,24,36,60,21,37,130,1.7,0
글로벌인문학부대학,통ㆍ번역학전공,학사편입,11,22,33,0,0,0,60,60,0,0,36,36,12,0,24,36,60,21,37,130,1.7,0
글로벌인문학부대학,프랑스어권지역학전공,일반,11,22,33,12,0,15,33,60,0,0,36,36,12,0,24,36,60,21,37,130,1.7,4
글로벌인문학부대학,프랑스어권지역학전공,일반편입,11,22,33,0,0,0,60,60,0,0,36,36,12,0,24,36,60,21,37,130,1.7,0
글로벌인문학부대학,프랑스어권지역학전공,학사편입,11,22,33,0,0,0,60,60,0,0,36,36,12,0,24,36,60,21,37,130,1.7,0
글로벌인문학부대학,프랑스어문학과,일반,11,22,33,12,0,15,33,60,0,0,36,36,12,0,24,36,60,21,37,130,1.7,4
글로벌인문학부대학,프랑스어문학과,일반편입,11,22,33,0,0,0,60,60,0,0,36,36,12,0,24,36,60,21,37,130,1.7,0
글로벌인문학부대학,프랑스어문학과,학사편입,11,22,33,0,0,0,60,60,0,0,36,36,12,0,24,36,60,21,37,130,1.7,0
글로벌인문학부대학,독일어권지역학전공,일반,11,22,33,12,0,15,33,60,0,0,36,36,12,0,24,36,60,21,37,130,1.7,4
글로벌인문학부대학,독일어권지역학전공,일반편입,11,22,33,0,0,0,60,60,0,0,36,36,12,0,24,36,60,21,37,130,1.7,0
글로벌인문학부대학,독일어권지역학전공,학사편입,11,22,33,0,0,0,60,60,0,0,36,36,12,0,24,36,60,21,37,130,1.7,0
글로벌인문학부대학,독일어문학과,일반,11,22,33,12,0,15,33,60,0,0,36,36,12,0,24,36,60,21,37,130,1.7,4
글로벌인문학부대학,독일어문학과,일반편입,11,22,33,0,0,0,60,60,0,0,36,36,12,0,24,36,60,21,37,130,1.7,0
글로벌인문학부대학,독일어문학과,학사편입,11,22,33,0,0,0,60,60,0,0,36,36,12,0,24,36,60,21,37,130,1.7,0
글로벌인문학부대학,러시아어권지역학전공,일반,11,22,33,12,0,15,33,60,0,0,36,36,12,0,24,36,60,21,37,130,1.7,4
글로벌인문학부대학,러시아어권지역학전공,일반편입,11,22,33,0,0,0,60,60,0,0,36,36,12,0,24,36,60,21,37,130,1.7,0
글로벌인문학부대학,러시아어권지역학전공,학사편입,11,22,33,0,0,0,60,60,0,0,36,36,12,0,24,36,60,21,37,130,1.7,0
글로벌인문학부대학,러시아어문학과,일반,11,22,33,12,0,15,33,60,0,0,36,36,12,0,24,36,60,21,37,130,1.7,4
글로벌인문학부대학,러시아어문학과,일반편입,11,22,33,0,0,0,60,60,0,0,36,36,12,0,24,36,60,21,37,130,1.7,0
글로벌인문학부대학,러시아어문학과,학사편입,11,22,33,0,0,0,60,60,0,0,36,36,12,0,24,36,60,21,37,130,1.7,0
글로벌인문학부대학,한국언어문화학과,일반,11,22,33,0,0,15,45,60,0,0,36,36,0,0,36,36,60,21,37,130,1.7,4
글로벌인문학부대학,한국언어문화학과,일반편입,11,22,33,0,0,0,60,60,0,0,36,36,0,0,36,36,60,21,37,130,1.7,0
글로벌인문학부대학,한국언어문화학과,학사편입,11,22,33,0,0,0,60,60,0,0,36,36,0,0,36,36,60,21,37,130,1.7,0
글로벌인문학부대학,한국어문학과,일반,11,22,33,0,0,15,45,60,0,0,36,36,0,0,36,36,60,21,37,130,1.7,4
글로벌인문학부대학,한국어문학과,일반편입,11,22,33,0,0,0,60,60,0,0,36,36,0,0,36,36,60,21,37,130,1.7,0
글로벌인문학부대학,한국어문학과,학사편입,11,22,33,0,0,0,60,60,0,0,36,36,0,0,36,36,60,21,37,130,1.7,0
글로벌인문학부대학,글로벌지역학연계전공,일반,0,0,0,0,0,0,0,0,0,0,0,0,0,0,36,36,0,0,0,0,0.0,4
글로벌인문학부대학,글로벌지역학연계전공,일반편입,0,0,0,0,0,0,0,0,0,0,0,0,0,0,36,36,0,0,0,0,0.0,0
글로벌인문학부대학,글로벌지역학연계전공,학사편입,0,0,0,0,0,0,0,0,0,0,0,0,0,0,36,36,0,0,0,0,0.0,0
글로벌인문학부대학,글로벌문화콘텐츠연계전공,일반,0,0,0,0,0,0,0,0,0,0,0,0,0,0,36,36,0,0,0,0,0.0,4
글로벌인문학부대학,글로벌문화콘텐츠연계전공,일반편입,0,0,0,0,0,0,0,0,0,0,0,0,0,0,36,36,0,0,0,0,0.0,0
글로벌인문학부대학,글로벌문화콘텐츠연계전공,학사편입,0,0,0,0,0,0,0,0,0,0,0,0,0,0,36,36,0,0,0,0,0.0,0
어문대학,한국어문학과,일반,11,22,33,0,0,15,45,60,0,0,36,36,0,0,36,36,60,21,37,130,1.7,4
어문대학,한국어문학과,일반편입,11,22,33,0,0,0,60,60,0,0,36,36,0,0,36,36,60,21,37,130,1.7,0
어문대학,한국어문학과,학사편입,11,22,33,0,0,0,60,60,0,0,36,36,0,0,36,36,60,21,37,130,1.7,0
어문대학,일본어문학과,일반,11,22,33,12,0,15,33,60,0,0,36,36,12,0,24,36,60,21,37,130,1.7,4
어문대학,일본어문학과,일반편입,11,22,33,0,0,0,60,60,0,0,36,36,12,0,24,36,60,21,37,130,1.7,0
어문대학,일본어문학과,학사편입,11,22,33,0,0,0,60,60,0,0,36,36,12,0,24,36,60,21,37,130,1.7,0
어문대학,중국어문학과,일반,11,22,33,12,0,15,33,60,0,0,36,36,12,0,24,36,60,21,37,130,1.7,4
어문대학,중국어문학과,일반편입,11,22,33,0,0,0,60,60,0,0,36,36,12,0,24,36,60,21,37,130,1.7,0
어문대학,중국어문학과,학사편입,11,22,33,0,0,0,60,60,0,0,36,36,12,0,24,36,60,21,37,130,1.7,0
어문대학,프랑스어문학과,일반,11,22,33,12,0,15,33,60,0,0,36,36,12,0,24,36,60,21,37,130,1.7,4
어문대학,프랑스어문학과,일반편입,11,22,33,0,0,0,60,60,0,0,36,36,12,0,24,36,60,21,37,130,1.7,0
어문대학,프랑스어문학과,학사편입,11,22,33,0,0,0,60,60,0,0,36,36,12,0,24,36,60,21,37,130,1.7,0
어문대학,러시아어문학과,일반,11,22,33,12,0,15,33,60,0,0,36,36,12,0,24,36,60,21,37,130,1.7,4
어문대학,러시아어문학과,일반편입,11,22,33,0,0,0,60,60,0,0,36,36,12,0,24,36,60,21,37,130,1.7,0
어문대학,러시아어문학과,학사편입,11,22,33,0,0,0,60,60,0,0,36,36,12,0,24,36,60,21,37,130,1.7,0
디자인대학,시각디자인전공,일반,11,22,33,6,0,15,39,60,0,0,36,36,6,0,30,36,60,21,37,130,1.7,4
디자인대학,시각디자인전공,일반편입,11,22,33,0,0,0,60,60,0,0,36,36,6,0,30,36,60,21,37,130,1.7,0
디자인대학,시각디자인전공,학사편입,11,22,33,0,0,0,60,60,0,0,36,36,6,0,30,36,60,21,37,130,1.7,0
디자인대학,시각디자인학과,일반,11,22,33,6,0,15,39,60,0,0,36,36,6,0,30,36,60,21,37,130,1.7,4
디자인대학,시각디자인학과,일반편입,11,22,33,0,0,0,60,60,0,0,36,36,6,0,30,36,60,21,37,130,1.7,0
디자인대학,시각디자인학과,학사편입,11,22,33,0,0,0,60,60,0,0,36,36,6,0,30,36,60,21,37,130,1.7,0
디자인대학,커뮤니케이션디자인전공,일반,11,22,33,6,0,15,39,60,0,0,36,36,6,0,30,36,60,21,37,130,1.7,0
디자인대학,패션디자인전공,일반,11,22,33,6,0,15,39,60,0,0,36,36,6,0,30,36,60,21,37,130,1.7,4
디자인대학,패션디자인전공,일반편입,11,22,33,0,0,0,60,60,0,0,36,36,6,0,30,36,60,21,37,130,1.7,0
디자인대학,패션디자인전공,학사편입,11,22,33,0,0,0,60,60,0,0,36,36,6,0,30,36,60,21,37,130,1.7,0
디자인대학,패션디자인학과,일반,11,22,33,6,0,15,39,60,0,0,36,36,6,0,30,36,60,21,37,130,1.7,4
디자인대학,패션디자인학과,일반편입,11,22,33,0,0,0,60,60,0,0,36,36,6,0,30,36,60,21,37,130,1.7,0
디자인대학,패션디자인학과,학사편입,11,22,33,0,0,0,60,60,0,0,36,36,6,0,30,36,60,21,37,130,1.7,0
디자인대학,의상디자인전공,일반,11,22,33,6,0,15,39,60,0,0,36,36,6,0,30,36,60,21,37,130,1.7,4
디자인대학,의상디자인전공,일반편입,11,22,33,0,0,0,60,60,0,0,36,36,6,0,30,36,60,21,37,130,1.7,0
디자인대학,의상디자인전공,학사편입,11,22,33,0,0,0,60,60,0,0,36,36,6,0,30,36,60,21,37,130,1.7,0
디자인대학,텍스타일디자인전공,일반,11,22,33,0,0,15,45,60,0,0,36,36,0,0,36,36,60,21,37,130,1.7,4
디자인대학,텍스타일디자인전공,일반편입,11,22,33,0,0,0,60,60,0,0,36,36,0,0,36,36,60,21,37,130,1.7,0
디자인대학,텍스타일디자인전공,학사편입,11,22,33,0,0,0,60,60,0,0,36,36,0,0,36,36,60,21,37,130,1.7,0
디자인대학,실내디자인전공,일반,11,22,33,6,0,15,39,60,0,0,36,36,6,0,30,36,60,21,37,130,1.7,4
디자인대학,실내디자인전공,일반편입,11,22,33,0,0,0,60,60,0,0,36,36,6,0,30,36,60,21,37,130,1.7,0
디자인대학,실내디자인전공,학사편입,11,22,33,0,0,0,60,60,0,0,36,36,6,0,30,36,60,21,37,130,1.7,0
디자인대학,실내디자인학과,일반,11,22,33,6,0,15,39,60,0,0,36,36,6,0,30,36,60,21,37,130,1.7,4
디자인대학,실내디자인학과,일반편입,11,22,33,0,0,0,60,60,0,0,36,36,6,0,30,36,60,21,37,130,1.7,0
디자인대학,실내디자인학과,학사편입,11,22,33,0,0,0,60,60,0,0,36,36,6,0,30,36,60,21,37,130,1.7,0
디자인대학,스페이스디자인전공,일반,11,22,33,6,0,15,39,60,0,0,36,36,6,0,30,36,60,21,37,130,1.7,4
디자인대학,스페이스디자인전공,일반편입,11,22,33,0,0,0,60,60,0,0,36,36,6,0,30,36,60,21,37,130,1.7,0
디자인대학,스페이스디자인전공,학사편입,11,22,33,0,0,0,60,60,0,0,36,36,6,0,30,36,60,21,37,130,1.7,0
디자인대학,세라믹디자인전공,일반,11,22,33,6,0,15,39,60,0,0,36,36,6,0,30,36,60,21,37,130,1.7,4
디자인대학,세라믹디자인전공,일반편입,11,22,33,0,0,0,60,60,0,0,36,36,6,0,30,36,60,21,37,130,1.7,0
디자인대학,세라믹디자인전공,학사편입,11,22,33,0,0,0,60,60,0,0,36,36,6,0,30,36,60,21,37,130,1.7,0
디자인대학,세라믹디자인학과,일반,11,22,33,6,0,15,39,60,0,0,36,36,6,0,30,36,60,21,37,130,1.7,4
디자인대학,세라믹디자인학과,일반편입,11,22,33,0,0,0,60,60,0,0,36,36,6,0,30,36,60,21,37,130,1.7,0
디자인대학,세라믹디자인학과,학사편입,11,22,33,0,0,0,60,60,0,0,36,36,6,0,30,36,60,21,37,130,1.7,0
디자인대학,텍스타일디자인학과,일반,11,22,33,0,0,15,45,60,0,0,36,36,0,0,36,36,60,21,37,130,1.7,4
디자인대학,텍스타일디자인학과,일반편입,11,22,33,0,0,0,60,60,0,0,36,36,0,0,36,36,60,21,37,130,1.7,0
디자인대학,텍스타일디자인학과,학사편입,11,22,33,0,0,0,60,60,0,0,36,36,0,0,36,36,60,21,37,130,1.7,0
디자인대학,섬유디자인전공,일반,11,22,33,0,0,15,45,60,0,0,36,36,0,0,36,36,60,21,37,130,1.7,4
디자인대학,섬유디자인전공,일반편입,11,22,33,0,0,0,60,60,0,0,36,36,0,0,36,36,60,21,37,130,1.7,0
디자인대학,섬유디자인전공,학사편입,11,22,33,0,0,0,60,60,0,0,36,36,0,0,36,36,60,21,37,130,1.7,0
디자인대학,산업디자인학과,일반,11,22,33,0,0,15,45,60,0,0,36,36,0,0,36,36,60,21,37,130,1.7,4
디자인대학,산업디자인학과,일반편입,11,22,33,0,0,0,60,60,0,0,36,36,0,0,36,36,60,21,37,130,1.7,0
디자인대학,산업디자인학과,학사편입,11,22,33,0,0,0,60,60,0,0,36,36,0,0,36,36,60,21,37,130,1.7,0
디자인대학,스마트리빙디자인연계전공,일반,0,0,0,0,0,0,0,0,0,0,0,0,0,0,36,36,0,0,0,0,0.0,4
디자인대학,스마트리빙디자인융합전공,일반,0,0,0,0,0,0,0,0,0,0,0,0,0,0,36,36,0,0,0,0,0.0,4
디자인대학,스마트리빙디자인연계전공,일반편입,0,0,0,0,0,0,0,0,0,0,0,0,0,0,36,36,0,0,0,0,0.0,0
디자인대학,스마트리빙디자인융합전공,일반편입,0,0,0,0,0,0,0,0,0,0,0,0,0,0,36,36,0,0,0,0,0.0,0
디자인대학,스마트리빙디자인연계전공,학사편입,0,0,0,0,0,0,0,0,0,0,0,0,0,0,36,36,0,0,0,0,0.0,0
디자인대학,스마트리빙디자인융합전공,학사편입,0,0,0,0,0,0,0,0,0,0,0,0,0,0,36,36,0,0,0,0,0.0,0
디자인대학,라이프스타일연계전공,일반,0,0,0,0,0,0,0,0,0,0,0,0,0,4,32,36,0,0,0,0,0.0,4
디자인대학,라이프스타일연계전공,일반편입,0,0,0,0,0,0,0,0,0,0,0,0,0,4,32,36,0,0,0,0,0.0,0
디자인대학,라이프스타일연계전공,학사편입,0,0,0,0,0,0,0,0,0,0,0,0,0,4,32,36,0,0,0,0,0.0,0
디자인대학,글로벌창의융합전공,일반,0,0,0,0,0,0,0,0,0,0,0,0,0,0,36,36,0,0,0,0,0.0,4
디자인대학,글로벌창의융합전공,일반편입,0,0,0,0,0,0,0,0,0,0,0,0,0,0,36,36,0,0,0,0,0.0,0
디자인대학,글로벌창의융합전공,학사편입,0,0,0,0,0,0,0,0,0,0,0,0,0,0,36,36,0,0,0,0,0.0,0
예술대학,영화영상전공,일반,11,22,33,2,0,15,43,60,0,0,36,36,2,0,34,36,60,21,37,130,1.7,4
예술대학,영화영상전공,일반,11,22,33,2,0,15,43,60,0,0,36,36,2,0,34,36,60,21,37,130,1.7,4
예술대학,영화영상전공,일반편입,11,22,33,0,0,0,60,60,0,0,36,36,2,0,34,36,60,21,37,130,1.7,0
예술대학,영화영상전공,일반편입,11,22,33,0,0,0,60,60,0,0,36,36,2,0,34,36,60,21,37,130,1.7,0
예술대학,영화영상전공,학사편입,11,22,33,0,0,0,60,60,0,0,36,36,2,0,34,36,60,21,37,130,1.7,0
예술대학,영화영상전공,학사편입,11,22,33,0,0,0,60,60,0,0,36,36,2,0,34,36,60,21,37,130,1.7,0
예술대학,영화영상학과,일반,11,22,33,2,0,15,43,60,0,0,36,36,2,0,34,36,60,21,37,130,1.7,4
예술대학,영화영상학과,일반편입,11,22,33,0,0,0,60,60,0,0,36,36,2,0,34,36,60,21,37,130,1.7,0
예술대학,영화영상학과,학사편입,11,22,33,0,0,0,60,60,0,0,36,36,2,0,34,36,60,21,37,130,1.7,0
예술대학,영화영상전공,일반,11,22,33,2,0,15,43,60,0,0,36,36,2,0,34,36,60,21,37,130,1.7,4
예술대학,영화영상전공,일반편입,11,22,33,0,0,0,60,60,0,0,36,36,2,0,34,36,60,21,37,130,1.7,0
예술대학,영화영상전공,학사편입,11,22,33,0,0,0,60,60,0,0,36,36,2,0,34,36,60,21,37,130,1.7,0
예술대학,연극전공,일반,11,22,33,2,0,15,43,60,0,0,36,36,2,0,34,36,60,21,37,130,1.7,4
예술대학,연극전공,일반,11,22,33,2,0,15,43,60,0,0,36,36,2,0,34,36,60,21,37,130,1.7,4
예술대학,연극학과,일반,11,22,33,2,0,15,43,60,0,0,36,36,2,0,34,36,60,21,37,130,1.7,4
예술대학,연극전공,일반편입,11,22,33,0,0,0,60,60,0,0,36,36,2,0,34,36,60,21,37,130,1.7,0
예술대학,연극전공,일반편입,11,22,33,0,0,0,60,60,0,0,36,36,2,0,34,36,60,21,37,130,1.7,0
예술대학,연극학과,일반편입,11,22,33,0,0,0,60,60,0,0,36,36,2,0,34,36,60,21,37,130,1.7,0
예술대학,연극전공,학사편입,11,22,33,0,0,0,60,60,0,0,36,36,2,0,34,36,60,21,37,130,1.7,0
예술대학,연극전공,학사편입,11,22,33,0,0,0,60,60,0,0,36,36,2,0,34,36,60,21,37,130,1.7,0
예술대학,연극학과,학사편입,11,22,33,0,0,0,60,60,0,0,36,36,2,0,34,36,60,21,37,130,1.7,0
예술대학,무대미술전공,일반,11,22,33,0,0,15,45,60,0,0,36,36,0,0,36,36,60,21,37,130,1.7,4
예술대학,무대미술학과,일반,11,22,33,0,0,15,45,60,0,0,36,36,0,0,36,36,60,21,37,130,1.7,4
예술대학,무대미술전공,일반편입,11,22,33,0,0,0,60,60,0,0,36,36,0,0,36,36,60,21,37,130,1.7,0
예술대학,무대미술학과,일반편입,11,22,33,0,0,0,60,60,0,0,36,36,0,0,36,36,60,21,37,130,1.7,0
예술대학,무대미술전공,학사편입,11,22,33,0,0,0,60,60,0,0,36,36,0,0,36,36,60,21,37,130,1.7,0
예술대학,무대미술학과,학사편입,11,22,33,0,0,0,60,60,0,0,36,36,0,0,36,36,60,21,37,130,1.7,0
예술대학,사진영상콘텐츠학과,일반,11,22,33,0,0,15,45,60,0,0,36,36,0,0,36,36,60,21,37,130,1.7,4
예술대학,사진영상콘텐츠학과,일반편입,11,22,33,0,0,0,60,60,0,0,36,36,0,0,36,36,60,21,37,130,1.7,0
예술대학,사진영상콘텐츠학과,학사편입,11,22,33,0,0,0,60,60,0,0,36,36,0,0,36,36,60,21,37,130,1.7,0
예술대학,사진영상미디어전공,일반,11,22,33,0,0,15,45,60,0,0,36,36,0,0,36,36,60,21,37,130,1.7,4
예술대학,사진영상미디어학과,일반,11,22,33,0,0,15,45,60,0,0,36,36,0,0,36,36,60,21,37,130,1.7,4
예술대학,사진영상미디어학과,일반편입,11,22,33,0,0,0,60,60,0,0,36,36,0,0,36,36,60,21,37,130,1.7,0
예술대학,사진영상미디어학과,학사편입,11,22,33,0,0,0,60,60,0,0,36,36,0,0,36,36,60,21,37,130,1.7,0
예술대학,디지털만화영상전공,일반,11,22,33,0,0,15,45,60,0,0,36,36,0,0,36,36,60,21,37,130,1.7,4
예술대학,만화·애니메이션학과,일반,11,22,33,0,0,15,45,60,0,0,36,36,0,0,36,36,60,21,37,130,1.7,4
예술대학,디지털만화영상전공,일반편입,11,22,33,0,0,0,60,60,0,0,36,36,0,0,36,36,60,21,37,130,1.7,0
예술대학,만화·애니메이션학과,일반편입,11,22,33,0,0,0,60,60,0,0,36,36,0,0,36,36,60,21,37,130,1.7,0
예술대학,디지털만화영상전공,학사편입,11,22,33,0,0,0,60,60,0,0,36,36,0,0,36,36,60,21,37,130,1.7,0
예술대학,만화·애니메이션학과,학사편입,11,22,33,0,0,0,60,60,0,0,36,36,0,0,36,36,60,21,37,130,1.7,0
예술대학,사진영상미디어전공,일반,11,22,33,0,0,15,45,60,0,0,36,36,0,0,36,36,60,21,37,130,1.7,4
예술대학,사진영상미디어전공,일반편입,11,22,33,0,0,0,60,60,0,0,36,36,0,0,36,36,60,21,37,130,1.7,0
예술대학,사진영상미디어전공,학사편입,11,22,33,0,0,0,60,60,0,0,36,36,0,0,36,36,60,21,37,130,1.7,0
예술대학,문화예술경영전공,일반,11,22,33,2,0,15,43,60,0,0,36,36,2,0,34,36,60,21,37,130,1.7,4
예술대학,문화예술경영전공,일반,11,22,33,2,0,15,43,60,0,0,36,36,2,0,34,36,60,21,37,130,1.7,4
예술대학,문화예술경영학과,일반,11,22,33,2,0,15,43,60,0,0,36,36,2,0,34,36,60,21,37,130,1.7,4
예술대학,문화예술경영전공,일반편입,11,22,33,0,0,0,60,60,0,0,36,36,2,0,34,36,60,21,37,130,1.7,0
예술대학,문화예술경영전공,일반편입,11,22,33,0,0,0,60,60,0,0,36,36,2,0,34,36,60,21,37,130,1.7,0
예술대학,문화예술경영학과,일반편입,11,22,33,0,0,0,60,60,0,0,36,36,2,0,34,36,60,21,37,130,1.7,0
예술대학,문화예술경영전공,학사편입,11,22,33,0,0,0,60,60,0,0,36,36,2,0,34,36,60,21,37,130,1.7,0
예술대학,문화예술경영전공,학사편입,11,22,33,0,0,0,60,60,0,0,36,36,2,0,34,36,60,21,37,130,1.7,0
예술대학,문화예술경영학과,학사편입,11,22,33,0,0,0,60,60,0,0,36,36,2,0,34,36,60,21,37,130,1.7,0
예술대학,디지털콘텐츠전공,일반,11,22,33,0,0,15,45,60,0,0,36,36,0,0,36,36,60,21,37,130,1.7,4
예술대학,디지털콘텐츠학과,일반,11,22,33,0,0,15,45,60,0,0,36,36,0,0,36,36,60,21,37,130,1.7,4
예술대학,디지털콘텐츠학과,일반편입,11,22,33,0,0,0,60,60,0,0,36,36,0,0,36,36,60,21,37,130,1.7,0
예술대학,디지털콘텐츠학과,학사편입,11,22,33,0,0,0,60,60,0,0,36,36,0,0,36,36,60,21,37,130,1.7,0
예술대학,무대조명·음향전공,일반,11,22,33,0,0,15,45,60,0,0,36,36,0,0,36,36,60,21,37,130,1.7,4
예술대학,무대조명·음향전공,일반편입,11,22,33,0,0,0,60,60,0,0,36,36,0,0,36,36,60,21,37,130,1.7,0
예술대학,무대조명·음향전공,학사편입,11,22,33,0,0,0,60,60,0,0,36,36,0,0,36,36,60,21,37,130,1.7,0
예술대학,무대미술전공,일반,11,22,33,0,0,15,45,60,0,0,36,36,0,0,36,36,60,21,37,130,1.7,4
예술대학,무대미술전공,일반편입,11,22,33,0,0,0,60,60,0,0,36,36,0,0,36,36,60,21,37,130,1.7,0
예술대학,무대미술전공,학사편입,11,22,33,0,0,0,60,60,0,0,36,36,0,0,36,36,60,21,37,130,1.7,0
예술대학,스토리텔링연계전공,일반,0,0,0,0,0,0,0,0,0,0,0,0,0,0,36,36,0,0,0,0,0.0,4
예술대학,스토리텔링연계전공,일반편입,0,0,0,0,0,0,0,0,0,0,0,0,0,0,36,36,0,0,0,0,0.0,0
예술대학,스토리텔링연계전공,학사편입,0,0,0,0,0,0,0,0,0,0,0,0,0,0,36,36,0,0,0,0,0.0,0
예술대학,콘텐츠제작연계전공,일반,0,0,0,0,0,0,0,0,0,0,0,0,0,0,36,36,0,0,0,0,0.0,4
예술대학,콘텐츠제작연계전공,일반편입,0,0,0,0,0,0,0,0,0,0,0,0,0,0,36,36,0,0,0,0,0.0,0
예술대학,콘텐츠제작연계전공,학사편입,0,0,0,0,0,0,0,0,0,0,0,0,0,0,36,36,0,0,0,0,0.0,0
예술대학,스마트게임&콘텐츠연계전공,일반,0,0,0,0,0,0,0,0,0,0,0,0,0,0,36,36,0,0,0,0,0.0,4
예술대학,스마트게임&콘텐츠융합전공,일반,0,0,0,0,0,0,0,0,0,0,0,0,0,0,36,36,0,0,0,0,0.0,4
예술대학,스마트게임&콘텐츠연계전공,일반편입,0,0,0,0,0,0,0,0,0,0,0,0,0,0,36,36,0,0,0,0,0.0,0
예술대학,스마트게임&콘텐츠융합전공,일반편입,0,0,0,0,0,0,0,0,0,0,0,0,0,0,36,36,0,0,0,0,0.0,0
예술대학,스마트게임&콘텐츠연계전공,학사편입,0,0,0,0,0,0,0,0,0,0,0,0,0,0,36,36,0,0,0,0,0.0,0
예술대학,스마트게임&콘텐츠융합전공,학사편입,0,0,0,0,0,0,0,0,0,0,0,0,0,0,36,36,0,0,0,0,0.0,0
예술대학,VFX융합전공,일반,0,0,0,0,0,0,0,0,0,0,0,0,0,0,36,36,0,0,0,0,0.0,4
예술대학,VFX융합전공,일반편입,0,0,0,0,0,0,0,0,0,0,0,0,0,0,36,36,0,0,0,0,0.0,0
예술대학,VFX융합전공,학사편입,0,0,0,0,0,0,0,0,0,0,0,0,0,0,36,36,0,0,0,0,0.0,0
예술대학,융합예술전공,일반,0,0,0,0,0,0,0,0,0,0,0,0,0,0,36,36,0,0,0,0,0.0,0
산업대학,증권금융학과,일반,11,22,33,0,0,15,45,60,0,0,36,36,0,0,36,36,60,21,37,130,1.7,4
산업대학,증권금융학과,일반편입,11,22,33,0,0,0,60,60,0,0,36,36,0,0,36,36,60,21,37,130,1.7,0
산업대학,증권금융학과,학사편입,11,22,33,0,0,0,60,60,0,0,36,36,0,0,36,36,60,21,37,130,1.7,0
산업대학,환경조경학과,일반,11,22,33,0,0,15,45,60,0,0,36,36,0,0,36,36,60,21,37,130,1.7,4
산업대학,환경조경학과,일반편입,11,22,33,0,0,0,60,60,0,0,36,36,0,0,36,36,60,21,37,130,1.7,0
산업대학,환경조경학과,학사편입,11,22,33,0,0,0,60,60,0,0,36,36,0,0,36,36,60,21,37,130,1.7,0
산업대학,리스크관리·보험전공,일반,11,22,33,0,0,15,45,60,0,0,36,36,0,0,36,36,60,21,37,130,1.7,4
산업대학,리스크관리·보험전공,일반편입,11,22,33,0,0,0,60,60,0,0,36,36,0,0,36,36,60,21,37,130,1.7,0
산업대학,리스크관리·보험전공,학사편입,11,22,33,0,0,0,60,60,0,0,36,36,0,0,36,36,60,21,37,130,1.7,0
산업대학,스포츠산업학과,일반,11,22,33,0,0,15,45,60,0,0,36,36,0,0,36,36,60,21,37,130,1.7,4
산업대학,스포츠산업학과,일반편입,11,22,33,0,0,0,60,60,0,0,36,36,0,0,36,36,60,21,37,130,1.7,0
산업대학,스포츠산업학과,학사편입,11,22,33,0,0,0,60,60,0,0,36,36,0,0,36,36,60,21,37,130,1.7,0
융합기술대학,글로벌금융경영학과,일반,11,22,33,0,0,15,45,60,0,0,36,36,0,0,36,36,60,21,37,130,1.7,4
융합기술대학,글로벌금융경영학과,일반편입,11,22,33,0,0,0,60,60,0,0,36,36,0,0,36,36,60,21,37,130,1.7,0
융합기술대학,글로벌금융경영학과,학사편입,11,22,33,0,0,0,60,60,0,0,36,36,0,0,36,36,60,21,37,130,1.7,0
융합기술대학,보험경영학과,일반,11,22,33,0,0,15,45,60,0,0,36,36,0,0,36,36,60,21,37,130,1.7,4
융합기술대학,보험경영학과,일반편입,11,22,33,0,0,0,60,60,0,0,36,36,0,0,36,36,60,21,37,130,1.7,0
융합기술대학,보험경영학과,학사편입,11,22,33,0,0,0,60,60,0,0,36,36,0,0,36,36,60,21,37,130,1.7,0
융합기술대학,금융경영학과,일반,11,22,33,0,0,15,45,60,0,0,36,36,0,0,36,36,60,21,37,130,1.7,4
융합기술대학,금융경영학과,일반편입,11,22,33,0,0,0,60,60,0,0,36,36,0,0,36,36,60,21,37,130,1.7,0
융합기술대학,금융경영학과,학사편입,11,22,33,0,0,0,60,60,0,0,36,36,0,0,36,36,60,21,37,130,1.7,0
융합기술대학,글로벌금융경영학부,일반,11,22,33,0,0,15,45,60,0,0,36,36,0,0,36,36,60,21,37,130,1.7,4
융합기술대학,글로벌금융경영학부,일반편입,11,22,33,0,0,0,60,60,0,0,36,36,0,0,36,36,60,21,37,130,1.7,0
융합기술대학,글로벌금융경영학부,학사편입,11,22,33,0,0,0,60,60,0,0,36,36,0,0,36,36,60,21,37,130,1.7,0
융합기술대학,식물식품공학과,일반,11,22,33,0,0,15,45,60,0,0,36,36,0,0,36,36,60,21,37,130,1.7,4
융합기술대학,식물식품공학과,일반편입,11,22,33,0,0,0,60,60,0,0,36,36,0,0,36,36,60,21,37,130,1.7,0
융합기술대학,식물식품공학과,학사편입,11,22,33,0,0,0,60,60,0,0,36,36,0,0,36,36,60,21,37,130,1.7,0
융합기술대학,식품공학과,일반,11,22,33,0,0,15,45,60,0,0,0,0,0,0,36,36,0,21,37,130,1.7,4
융합기술대학,식품공학과,일반편입,11,22,33,0,0,0,60,60,0,0,0,0,0,0,36,36,0,21,37,130,1.7,0
융합기술대학,식품공학과,학사편입,11,22,33,0,0,0,60,60,0,0,0,0,0,0,36,36,0,21,37,130,1.7,0
융합기술대학,환경조경학과,일반,11,22,33,0,0,15,45,60,0,0,36,36,0,0,36,36,60,21,37,130,1.7,4
융합기술대학,환경조경학과,일반편입,11,22,33,0,0,0,60,60,0,0,36,36,0,0,36,36,60,21,37,130,1.7,0
융합기술대학,환경조경학과,학사편입,11,22,33,0,0,0,60,60,0,0,36,36,0,0,36,36,60,21,37,130,1.7,0
융합기술대학,간호학과,일반,11,15,26,0,0,72,22,94,0,0,0,0,0,0,0,0,0,0,10,130,1.7,4
융합기술대학,간호학과,일반편입,11,15,26,0,0,0,94,94,0,0,0,0,0,0,0,0,0,0,10,130,1.7,0
융합기술대학,간호학과,학사편입,11,15,26,0,0,0,94,94,0,0,0,0,0,0,0,0,0,0,10,130,1.7,0
융합기술대학,스포츠경영전공,일반,11,22,33,0,0,15,45,60,0,0,36,36,0,0,36,36,60,21,37,130,1.7,4
융합기술대학,스포츠경영전공,일반편입,11,22,33,0,0,0,60,60,0,0,36,36,0,0,36,36,60,21,37,130,1.7,0
융합기술대학,스포츠경영전공,학사편입,11,22,33,0,0,0,60,60,0,0,36,36,0,0,36,36,60,21,37,130,1.7,0
융합기술대학,스포츠산업학과,일반,11,22,33,0,0,15,45,60,0,0,36,36,0,0,36,36,60,21,37,130,1.7,4
융합기술대학,스포츠산업학과,일반편입,11,22,33,0,0,0,60,60,0,0,36,36,0,0,36,36,60,21,37,130,1.7,0
융합기술대학,스포츠산업학과,학사편입,11,22,33,0,0,0,60,60,0,0,36,36,0,0,36,36,60,21,37,130,1.7,0
융합기술대학,사회체육전공,일반,11,22,33,0,0,15,45,60,0,0,36,36,0,0,36,36,60,21,37,130,1.7,4
융합기술대학,사회체육전공,일반편입,11,22,33,0,0,0,60,60,0,0,36,36,0,0,36,36,60,21,37,130,1.7,0
융합기술대학,사회체육전공,학사편입,11,22,33,0,0,0,60,60,0,0,36,36,0,0,36,36,60,21,37,130,1.7,0
융합기술대학,사회체육학과,일반,11,22,33,0,0,15,45,60,0,0,36,36,0,0,36,36,60,21,37,130,1.7,4
융합기술대학,사회체육학과,일반편입,11,22,33,0,0,0,60,60,0,0,36,36,0,0,36,36,60,21,37,130,1.7,0
융합기술대학,사회체육학과,학사편입,11,22,33,0,0,0,60,60,0,0,36,36,0,0,36,36,60,21,37,130,1.7,0
융합기술대학,디지털경영학연계전공,일반,0,0,0,0,0,0,0,0,0,0,0,0,0,0,36,36,0,0,0,0,0.0,4
융합기술대학,디지털경영학연계전공,일반편입,0,0,0,0,0,0,0,0,0,0,0,0,0,0,36,36,0,0,0,0,0.0,0
융합기술대학,디지털경영학연계전공,학사편입,0,0,0,0,0,0,0,0,0,0,0,0,0,0,36,36,0,0,0,0,0.0,0
융합기술대학,글로벌마케팅융합전공,일반,0,0,0,0,0,0,0,0,0,0,0,0,0,9,27,36,0,0,0,0,0.0,4
융합기술대학,글로벌마케팅융합전공,일반편입,0,0,0,0,0,0,0,0,0,0,0,0,0,9,27,36,0,0,0,0,0.0,0
융합기술대학,글로벌마케팅융합전공,학사편입,0,0,0,0,0,0,0,0,0,0,0,0,0,9,27,36,0,0,0,0,0.0,0
융합기술대학,환경생태융합디자인공학연계전공,일반,0,0,0,0,0,0,0,0,0,0,0,0,0,0,36,36,0,0,0,0,0.0,4
융합기술대학,환경생태융합디자인공학연계전공,일반편입,0,0,0,0,0,0,0,0,0,0,0,0,0,0,36,36,0,0,0,0,0.0,0
융합기술대학,환경생태융합디자인공학연계전공,학사편입,0,0,0,0,0,0,0,0,0,0,0,0,0,0,36,36,0,0,0,0,0.0,0
융합기술대학,웰니스융합전공,일반,0,0,0,0,0,0,0,0,0,0,0,0,0,0,36,36,0,0,0,0,0.0,4
융합기술대학,웰니스융합전공,일반편입,0,0,0,0,0,0,0,0,0,0,0,0,0,0,36,36,0,0,0,0,0.0,0
융합기술대학,웰니스융합전공,학사편입,0,0,0,0,0,0,0,0,0,0,0,0,0,0,36,36,0,0,0,0,0.0,0
융합기술대학,간호학과(의료인력),일반편입,11,15,26,0,36,0,58,94,0,0,0,0,0,0,0,0,0,0,10,130,1.7,0
공과대학,전자공학과,일반,11,22,33,0,0,15,59,74,0,0,36,36,0,0,36,36,74,21,23,130,1.7,4
공과대학,전자공학과,일반편입,11,22,33,0,0,0,74,74,0,0,36,36,0,0,36,36,74,21,23,130,1.7,0
공과대학,전자공학과,학사편입,11,22,33,0,0,0,74,74,0,0,36,36,0,0,36,36,74,21,23,130,1.7,0
공과대학,소프트웨어학과,일반,11,22,33,0,0,15,59,74,0,0,36,36,0,0,36,36,74,21,23,130,1.7,4
공과대학,소프트웨어학과,일반편입,11,22,33,0,0,0,74,74,0,0,36,36,0,0,36,36,74,21,23,130,1.7,0
공과대학,소프트웨어학과,학사편입,11,22,33,0,0,0,74,74,0,0,36,36,0,0,36,36,74,21,23,130,1.7,0
공과대학,컴퓨터공학과,일반,11,22,33,0,0,15,59,74,0,0,36,36,0,0,36,36,74,21,23,130,1.7,4
공과대학,컴퓨터공학과,일반편입,11,22,33,0,0,0,74,74,0,0,36,36,0,0,36,36,74,21,23,130,1.7,0
공과대학,컴퓨터공학과,학사편입,11,22,33,0,0,0,74,74,0,0,36,36,0,0,36,36,74,21,23,130,1.7,0
공과대학,컴퓨터시스템공학과,일반,11,22,33,0,0,15,59,74,0,0,36,36,0,0,36,36,74,21,23,130,1.7,4
공과대학,컴퓨터시스템공학과,일반편입,11,22,33,0,0,0,74,74,0,0,36,36,0,0,36,36,74,21,23,130,1.7,0
공과대학,컴퓨터시스템공학과,학사편입,11,22,33,0,0,0,74,74,0,0,36,36,0,0,36,36,74,21,23,130,1.7,0
공과대학,컴퓨터소프트웨어공학과,일반,11,22,33,0,0,15,59,74,0,0,36,36,0,0,36,36,74,21,23,130,1.7,4
공과대학,컴퓨터소프트웨어공학과,일반편입,11,22,33,0,0,0,74,74,0,0,36,36,0,0,36,36,74,21,23,130,1.7,0
공과대학,컴퓨터소프트웨어공학과,학사편입,11,22,33,0,0,0,74,74,0,0,36,36,0,0,36,36,74,21,23,130,1.7,0
공과대학,스마트정보통신공학과,일반,11,22,33,0,0,15,59,74,0,0,36,36,0,0,36,36,74,21,23,130,1.7,4
공과대학,스마트정보통신공학과,일반편입,11,22,33,0,0,0,74,74,0,0,36,36,0,0,36,36,74,21,23,130,1.7,0
공과대학,스마트정보통신공학과,학사편입,11,22,33,0,0,0,74,74,0,0,36,36,0,0,36,36,74,21,23,130,1.7,0
공과대학,정보통신공학과,일반,11,22,33,0,0,15,59,74,0,0,36,36,0,0,36,36,74,21,23,130,1.7,4
공과대학,정보통신공학과,일반편입,11,22,33,0,0,0,74,74,0,0,36,36,0,0,36,36,74,21,23,130,1.7,0
공과대학,정보통신공학과,학사편입,11,22,33,0,0,0,74,74,0,0,36,36,0,0,36,36,74,21,23,130,1.7,0
공과대학,경영공학과,일반,11,22,33,0,0,15,45,60,0,0,36,36,0,0,36,36,60,21,37,130,1.7,4
공과대학,경영공학과,일반편입,11,22,33,0,0,0,60,60,0,0,36,36,0,0,36,36,60,21,37,130,1.7,0
공과대학,경영공학과,학사편입,11,22,33,0,0,0,60,60,0,0,36,36,0,0,36,36,60,21,37,130,1.7,0
공과대학,그린화학공학과,일반,11,22,33,0,0,15,59,74,0,0,36,36,0,0,36,36,74,21,23,130,1.7,4
공과대학,그린화학공학과,일반편입,11,22,33,0,0,0,74,74,0,0,36,36,0,0,36,36,74,21,23,130,1.7,0
공과대학,그린화학공학과,학사편입,11,22,33,0,0,0,74,74,0,0,36,36,0,0,36,36,74,21,23,130,1.7,0
공과대학,의생명공학과,일반,11,22,33,0,0,15,59,74,0,0,36,36,0,0,36,36,74,21,23,130,1.7,4
공과대학,의생명공학과,일반편입,11,22,33,0,0,0,74,74,0,0,36,36,0,0,36,36,74,21,23,130,1.7,0
공과대학,의생명공학과,학사편입,11,22,33,0,0,0,74,74,0,0,36,36,0,0,36,36,74,21,23,130,1.7,0
공과대학,환경공학과,일반,11,22,33,0,0,15,59,74,0,0,36,36,0,0,36,36,74,21,23,130,1.7,4
공과대학,환경공학과,일반편입,11,22,33,0,0,0,74,74,0,0,36,36,0,0,36,36,74,21,23,130,1.7,0
공과대학,환경공학과,학사편입,11,22,33,0,0,0,74,74,0,0,36,36,0,0,36,36,74,21,23,130,1.7,0
공과대학,건설시스템공학과,일반,11,22,33,0,0,15,59,74,0,0,36,36,0,0,36,36,74,21,23,130,1.7,4
공과대학,건설시스템공학과,일반편입,11,22,33,0,0,0,74,74,0,0,36,36,0,0,36,36,74,21,23,130,1.7,0
공과대학,건설시스템공학과,학사편입,11,22,33,0,0,0,74,74,0,0,36,36,0,0,36,36,74,21,23,130,1.7,0
공과대학,정보보안공학과,일반,11,22,33,0,0,15,59,74,0,0,36,36,0,0,36,36,74,21,23,130,1.7,4
공과대학,정보보안공학과,일반편입,11,22,33,0,0,0,74,74,0,0,36,36,0,0,36,36,74,21,23,130,1.7,0
공과대학,정보보안공학과,학사편입,11,22,33,0,0,0,74,74,0,0,36,36,0,0,36,36,74,21,23,130,1.7,0
공과대학,시스템반도체공학과,일반,11,22,33,0,0,15,59,74,0,0,36,36,0,0,36,36,74,21,23,130,1.7,4
공과대학,시스템반도체공학과,일반편입,11,22,33,0,0,0,74,74,0,0,36,36,0,0,36,36,74,21,23,130,1.7,0
공과대학,시스템반도체공학과,학사편입,11,22,33,0,0,0,74,74,0,0,36,36,0,0,36,36,74,21,23,130,1.7,0
공과대학,휴먼지능로봇공학과,일반,11,22,33,0,0,15,59,74,0,0,36,36,0,0,36,36,74,21,23,130,1.7,4
공과대학,휴먼지능로봇공학과,일반편입,11,22,33,0,0,0,74,74,0,0,36,36,0,0,36,36,74,21,23,130,1.7,0
공과대학,휴먼지능로봇공학과,학사편입,11,22,33,0,0,0,74,74,0,0,36,36,0,0,36,36,74,21,23,130,1.7,0
공과대학,지능형로봇학과,일반,11,22,33,0,0,17,43,60,0,0,36,36,0,0,36,36,60,24,37,130,1.7,4
공과대학,빅데이터연계전공,일반,0,0,0,0,0,0,0,0,0,0,0,0,0,0,36,36,0,0,0,0,0.0,4
공과대학,빅데이터연계전공,일반편입,0,0,0,0,0,0,0,0,0,0,0,0,0,0,36,36,0,0,0,0,0.0,0
공과대학,빅데이터연계전공,학사편입,0,0,0,0,0,0,0,0,0,0,0,0,0,0,36,36,0,0,0,0,0.0,0
공과대학,스마트웹&앱연계전공,일반,0,0,0,0,0,0,0,0,0,0,0,0,0,0,36,36,0,0,0,0,0.0,4
공과대학,스마트웹&앱연계전공,일반편입,0,0,0,0,0,0,0,0,0,0,0,0,0,0,36,36,0,0,0,0,0.0,0
공과대학,스마트웹&앱연계전공,학사편입,0,0,0,0,0,0,0,0,0,0,0,0,0,0,36,36,0,0,0,0,0.0,0
공과대학,스마트팜연계전공,일반,0,0,0,0,0,0,0,0,0,0,0,0,0,6,30,36,0,0,0,0,0.0,4
공과대학,스마트팜연계전공,일반편입,0,0,0,0,0,0,0,0,0,0,0,0,0,6,30,36,0,0,0,0,0.0,0
공과대학,스마트팜연계전공,학사편입,0,0,0,0,0,0,0,0,0,0,0,0,0,6,30,36,0,0,0,0,0.0,0
공과대학,스마트헬스케어연계전공,일반,0,0,0,0,0,0,0,0,0,0,0,0,0,0,36,36,0,0,0,0,0.0,4
공과대학,스마트헬스케어연계전공,일반편입,0,0,0,0,0,0,0,0,0,0,0,0,0,0,36,36,0,0,0,0,0.0,0
공과대학,스마트헬스케어연계전공,학사편입,0,0,0,0,0,0,0,0,0,0,0,0,0,0,36,36,0,0,0,0,0.0,0
공과대학,빅데이터융합전공,일반,0,0,0,0,0,0,0,0,0,0,0,0,0,0,36,36,0,0,0,0,0.0,4
공과대학,빅데이터융합전공,일반편입,0,0,0,0,0,0,0,0,0,0,0,0,0,0,36,36,0,0,0,0,0.0,0
공과대학,빅데이터융합전공,학사편입,0,0,0,0,0,0,0,0,0,0,0,0,0,0,36,36,0,0,0,0,0.0,0
공과대학,로봇AI융합전공,일반,0,0,0,0,0,0,0,0,0,0,0,0,0,0,36,36,0,0,0,0,0.0,4
공과대학,로봇AI융합전공,일반편입,0,0,0,0,0,0,0,0,0,0,0,0,0,0,36,36,0,0,0,0,0.0,0
공과대학,로봇AI융합전공,학사편입,0,0,0,0,0,0,0,0,0,0,0,0,0,0,36,36,0,0,0,0,0.0,0
